mode,round,configuration,reasoningEffort,speechChunkMs,candidateToStreamMs,semaphoreWaitMs,preparedThreadWaitMs,preparedToSendMs,sendToAckMs,sendToFirstDeltaMs,sendToRetainedDeltaMs,speechEndToRetainedDeltaMs,ackToFirstDeltaMs,candidateToFirstDeltaMs,candidateToNativeVisibilityMs,deltaToNativeVisibilityMs,refillDurationMs,firstPartialFromSpeechStartMs,firstPartialToCredibleCandidateMs,firstCandidateToRetainedStreamMs,firstCandidateHeadStartMs,earliestStreamHeadStartMs,streamHeadStartMs,speechEndToFirstDeltaMs,speechEndToNativeVisibilityMs
efforts,1,none,none,160,0,0,0,0,15,1407,1407,1407,1392,1407,1417,10,104,,,,,0,0,1407,1417
efforts,1,low,low,160,1,0,0,0,22,2357,2357,2358,2335,2358,2365,7,111,,,,,-1,-1,2358,2365
efforts,1,medium,medium,160,0,0,0,0,21,1925,1925,1925,1904,1925,1935,10,105,,,,,0,0,1925,1935
efforts,2,low,low,160,0,0,0,0,16,1893,1893,1893,1877,1893,1899,6,110,,,,,0,0,1893,1899
efforts,2,medium,medium,160,1,0,0,0,19,2162,2162,2163,2143,2163,2171,8,112,,,,,-1,-1,2163,2171
efforts,2,none,none,160,0,0,0,0,23,1365,1365,1365,1342,1365,1372,7,100,,,,,0,0,1365,1372
efforts,3,medium,medium,160,0,0,0,0,18,2028,2028,2028,2010,2028,2037,9,106,,,,,0,0,2028,2037
efforts,3,none,none,160,0,0,0,0,13,1916,1916,1917,1903,1916,1925,9,96,,,,,-1,-1,1917,1926
efforts,3,low,low,160,0,0,0,0,19,1758,1758,1758,1739,1758,1766,8,102,,,,,0,0,1758,1766
efforts,4,none,none,160,0,0,0,0,20,1662,1662,1662,1642,1662,1673,11,93,,,,,0,0,1662,1673
efforts,4,low,low,160,0,0,0,0,13,1506,1506,1506,1493,1506,1515,9,99,,,,,0,0,1506,1515
efforts,4,medium,medium,160,1,0,0,0,12,1415,1415,1416,1403,1416,1426,10,102,,,,,-1,-1,1416,1426
efforts,5,low,low,160,0,0,0,0,20,1718,1718,1718,1698,1718,1728,10,109,,,,,0,0,1718,1728
efforts,5,medium,medium,160,1,0,0,0,14,1727,1727,1728,1713,1728,1736,8,108,,,,,-1,-1,1728,1736
efforts,5,none,none,160,0,0,0,0,20,1473,1473,1473,1453,1473,1482,9,100,,,,,0,0,1473,1482
efforts,6,medium,medium,160,1,0,0,0,17,1655,1655,1656,1638,1656,1667,11,107,,,,,-1,-1,1656,1667
efforts,6,none,none,160,0,0,0,0,14,1674,1674,1674,1660,1674,1682,8,99,,,,,0,0,1674,1682
efforts,6,low,low,160,0,0,0,0,14,2081,2081,2081,2067,2081,2087,6,110,,,,,0,0,2081,2087
efforts,7,none,none,160,0,0,0,0,14,1489,1489,1489,1475,1489,1498,9,101,,,,,0,0,1489,1498
efforts,7,low,low,160,0,0,0,0,13,2354,2354,2354,2341,2354,2364,10,185,,,,,0,0,2354,2364
efforts,7,medium,medium,160,0,0,0,0,14,1627,1627,1627,1613,1627,1635,8,94,,,,,0,0,1627,1635
efforts,8,low,low,160,0,0,0,0,14,2108,2108,2108,2094,2108,2116,8,101,,,,,0,0,2108,2116
efforts,8,medium,medium,160,0,0,0,0,14,1298,1298,1298,1284,1298,1305,7,102,,,,,0,0,1298,1305
efforts,8,none,none,160,0,0,0,0,14,2207,2207,2207,2193,2207,2214,7,104,,,,,0,0,2207,2214
efforts,9,medium,medium,160,1,0,0,0,14,1374,1374,1375,1360,1375,1384,9,106,,,,,-1,-1,1375,1384
efforts,9,none,none,160,0,0,0,0,21,1387,1387,1387,1366,1387,1395,8,100,,,,,0,0,1387,1395
efforts,9,low,low,160,0,0,0,0,22,2059,2059,2059,2037,2059,2067,8,120,,,,,0,0,2059,2067
efforts,10,none,none,160,0,0,0,0,14,2546,2546,2547,2532,2546,2556,10,105,,,,,-1,-1,2547,2557
efforts,10,low,low,160,0,0,0,0,14,1436,1436,1436,1422,1436,1445,9,108,,,,,0,0,1436,1445
efforts,10,medium,medium,160,0,0,0,0,14,1561,1561,1561,1547,1561,1571,10,105,,,,,0,0,1561,1571
efforts,11,low,low,160,0,0,0,1,14,1730,1730,1731,1716,1731,1741,10,114,,,,,0,0,1731,1741
efforts,11,medium,medium,160,0,0,0,0,14,1586,1586,1586,1572,1586,1595,9,101,,,,,0,0,1586,1595
efforts,11,none,none,160,0,0,1,0,14,2260,2260,2261,2246,2261,2271,10,135,,,,,0,0,2261,2271
efforts,12,medium,medium,160,0,0,0,0,14,1568,1568,1568,1554,1568,1578,10,114,,,,,0,0,1568,1578
efforts,12,none,none,160,0,0,0,0,14,1378,1378,1378,1364,1378,1388,10,115,,,,,0,0,1378,1388
efforts,12,low,low,160,0,0,0,0,23,1821,1821,1821,1798,1821,1830,9,104,,,,,0,0,1821,1830
efforts,13,none,none,160,0,0,0,0,15,1981,1981,1981,1966,1981,1990,9,115,,,,,0,0,1981,1990
efforts,13,low,low,160,0,0,0,0,17,1637,1637,1637,1620,1637,1644,7,124,,,,,0,0,1637,1644
efforts,13,medium,medium,160,1,0,0,0,14,1657,1657,1658,1643,1658,1667,9,1088,,,,,-1,-1,1658,1667
efforts,14,low,low,160,0,0,0,0,15,2709,2709,2709,2694,2709,2718,9,118,,,,,0,0,2709,2718
efforts,14,medium,medium,160,0,0,0,0,15,1836,1836,1836,1821,1836,1846,10,103,,,,,0,0,1836,1846
efforts,14,none,none,160,1,0,0,0,14,1998,1998,1999,1984,1999,2008,9,108,,,,,-1,-1,1999,2008
efforts,15,medium,medium,160,0,0,0,0,21,1356,1356,1356,1335,1356,1364,8,110,,,,,0,0,1356,1364
efforts,15,none,none,160,0,0,0,0,14,1693,1693,1693,1679,1693,1703,10,106,,,,,0,0,1693,1703
efforts,15,low,low,160,0,0,0,0,19,1843,1843,1843,1824,1843,1854,11,97,,,,,0,0,1843,1854
efforts,16,none,none,160,1,0,0,0,13,1772,1772,1773,1759,1773,1780,7,111,,,,,-1,-1,1773,1780
efforts,16,low,low,160,1,0,0,0,14,3017,3017,3018,3003,3018,3028,10,104,,,,,-1,-1,3018,3028
efforts,16,medium,medium,160,0,0,0,0,15,1416,1416,1416,1401,1416,1427,11,108,,,,,0,0,1416,1427
efforts,17,low,low,160,0,0,0,0,14,3169,3169,3169,3155,3169,3180,11,109,,,,,0,0,3169,3180
efforts,17,medium,medium,160,0,0,0,0,15,1490,1490,1490,1475,1490,1500,10,110,,,,,0,0,1490,1500
efforts,17,none,none,160,1,0,0,0,14,1787,1787,1788,1773,1788,1797,9,108,,,,,-1,-1,1788,1797
efforts,18,medium,medium,160,1,0,0,0,20,1749,1749,1750,1729,1750,1759,9,115,,,,,-1,-1,1750,1759
efforts,18,none,none,160,0,0,0,0,14,1872,1872,1872,1858,1872,1881,9,115,,,,,0,0,1872,1881
efforts,18,low,low,160,0,0,0,0,13,2204,2204,2204,2191,2204,2214,10,109,,,,,0,0,2204,2214
efforts,19,none,none,160,0,0,0,0,13,1596,1596,1596,1583,1596,1606,10,97,,,,,0,0,1596,1606
efforts,19,low,low,160,0,0,0,0,14,1559,1559,1559,1545,1559,1566,7,105,,,,,0,0,1559,1566
efforts,19,medium,medium,160,0,0,0,0,15,1907,1907,1907,1892,1907,1913,6,104,,,,,0,0,1907,1913
efforts,20,low,low,160,0,0,0,0,14,1703,1703,1703,1689,1703,1713,10,109,,,,,0,0,1703,1713
efforts,20,medium,medium,160,0,0,0,2,32,1710,1710,1712,1678,1712,1719,7,123,,,,,0,0,1712,1719
efforts,20,none,none,160,0,0,0,0,21,1492,1492,1492,1471,1492,1501,9,102,,,,,0,0,1492,1501
audio,1,80ms,low,80,0,0,0,0,22,1514,1514,2732,1492,1514,1521,7,122,,,,,-1218,-1218,2732,2739
audio,1,160ms,low,160,0,0,0,0,13,2042,2043,2744,2029,2042,2053,11,108,751,638,1742,1041,1041,-701,2743,2754
audio,2,160ms,low,160,0,0,0,0,24,1648,3912,3251,1624,1648,3922,2274,97,806,963,0,661,661,661,987,3261
audio,2,80ms,low,80,0,0,0,0,19,2088,3220,2060,2069,2088,3228,1140,110,714,556,0,1160,1160,1160,928,2068
audio,3,80ms,low,80,0,0,0,0,18,6308,7437,6321,6290,6308,7445,1137,128,676,638,0,1116,1116,1116,5192,6329
audio,3,160ms,low,160,0,0,0,0,27,1872,4769,3681,1845,1872,4779,2907,139,703,639,0,1088,1088,1088,784,3691
audio,4,160ms,low,160,0,0,0,0,41,1989,3578,2555,1948,1989,3584,1595,118,803,634,0,1023,1023,1023,966,2561
audio,4,80ms,low,80,0,0,0,0,22,1999,3522,2371,1977,1999,3531,1532,1671,710,569,0,1151,1151,1151,848,2380
audio,5,80ms,low,80,0,0,0,0,16,1720,2972,1778,1704,1720,2980,1260,109,678,558,0,1194,1194,1194,526,1786
audio,5,160ms,low,160,0,0,0,0,18,2117,2117,2656,2099,2117,2125,8,120,770,2229,0,-539,-539,-539,2656,2664
audio,6,160ms,low,160,1,0,0,0,22,1570,2835,1847,1548,1571,2844,1273,107,806,635,1,989,988,988,582,1855
audio,6,80ms,low,80,0,0,0,0,19,1722,2900,1736,1703,1722,2909,1187,115,706,560,0,1164,1164,1164,558,1745
audio,7,80ms,low,80,0,0,0,0,15,1459,1459,1938,1444,1459,1469,10,125,673,554,1682,1203,1203,-479,1938,1948
audio,7,160ms,low,160,0,0,0,0,17,1921,1921,4516,1904,1921,1929,8,120,,,,,1053,-2595,4516,4524
audio,8,160ms,low,160,0,0,0,0,12,1531,1531,2052,1519,1531,1539,8,128,717,635,1599,1078,1078,-521,2052,2060
audio,8,80ms,low,80,1,0,0,0,23,1791,2889,1720,1768,1792,2898,1106,125,702,558,1,1170,1169,1169,622,1728
audio,9,80ms,low,80,0,0,0,0,16,1333,1333,3844,1317,1333,1341,8,131,,,,,1236,-2511,3844,3852
audio,9,160ms,low,160,0,0,0,0,25,1943,4316,3279,1918,1943,4324,2381,138,755,638,0,1037,1037,1037,906,3287
audio,10,160ms,low,160,0,0,0,0,18,2099,2099,3369,2081,2099,2110,11,135,,,,,1079,-1270,3369,3380
audio,10,80ms,low,80,0,0,0,0,18,1645,3125,1918,1627,1645,3133,1488,111,668,555,0,1207,1207,1207,438,1926
audio,11,80ms,low,80,0,0,0,0,30,1751,3037,1827,1721,1751,3046,1295,117,699,551,0,1210,1210,1210,541,1836
audio,11,160ms,low,160,0,0,0,0,21,1412,2657,1547,1391,1412,2664,1252,121,843,477,0,1110,1110,1110,302,1554
audio,12,160ms,low,160,0,0,0,0,17,1488,2961,1957,1471,1488,2971,1483,114,791,635,0,1004,1004,1004,484,1967
audio,12,80ms,low,80,0,0,0,0,24,2014,3936,2725,1990,2014,3944,1930,134,681,568,0,1211,1211,1211,803,2733
audio,13,80ms,low,80,0,0,0,0,16,1991,1999,2175,1975,1991,2008,17,195,688,560,1358,1182,1182,-176,2167,2184
audio,13,160ms,low,160,1,0,0,0,18,54785,55949,54886,54767,54786,55959,1173,137,723,643,1,1064,1063,1063,53722,54895
audio,14,160ms,low,160,0,0,0,0,45,1808,2881,1795,1763,1808,2892,1084,120,869,475,0,1086,1086,1086,722,1806
audio,14,80ms,low,80,0,0,0,0,18,1662,1662,1732,1644,1662,1672,10,142,660,1840,0,-70,-70,-70,1732,1742
audio,15,80ms,low,80,0,0,0,0,22,1593,2681,1514,1571,1593,2694,1101,99,704,559,0,1167,1167,1167,426,1527
audio,15,160ms,low,160,0,0,0,0,15,1901,1901,2603,1886,1901,1908,7,117,763,2399,0,-702,-702,-702,2603,2610
audio,16,160ms,low,160,0,0,0,0,14,1580,3368,2322,1566,1580,3379,1799,89,748,636,0,1046,1046,1046,534,2333
audio,16,80ms,low,80,0,0,0,0,20,1610,2746,2504,1590,1610,2755,1145,111,669,1519,0,242,242,242,1368,2513
audio,17,80ms,low,80,0,0,0,0,16,1750,3136,1935,1734,1750,3143,1393,113,668,561,0,1201,1201,1201,549,1942
audio,17,160ms,low,160,0,0,0,0,15,1786,1786,3986,1771,1786,1796,10,111,,,,,35,-2200,3986,3996
audio,18,160ms,low,160,0,0,0,0,16,1643,1643,6045,1627,1643,1650,7,116,,,,,1007,-4402,6045,6052
audio,18,80ms,low,80,1,0,0,0,12,1997,1997,5190,1985,1998,2006,8,107,,,,,1142,-3193,5190,5198
audio,19,80ms,low,80,0,0,0,0,18,1599,1600,1808,1581,1599,1607,8,99,670,1998,0,-208,-208,-208,1807,1815
audio,19,160ms,low,160,0,0,0,0,13,1785,1785,4663,1772,1785,1795,10,104,,,,,1040,-2878,4663,4673
audio,20,160ms,low,160,0,0,0,0,19,1515,3015,1955,1496,1515,3024,1509,102,730,640,0,1060,1060,1060,455,1964
audio,20,80ms,low,80,0,0,0,0,21,1457,2863,1656,1436,1457,2871,1414,100,656,567,0,1207,1207,1207,250,1664
